uid,lot_title,lot_url,full_cost,avg_resell_price,net_profit,percentage_profit
0,"AHD Eyeball Mini Dome, DSIR HRV-AHD-G",https://www.i-bidder.com/en-gb/auction-catalogues/vfauctions/catalogue-id-vf-auc10234/lot-477dcd95-814f-469c-a3f6-af6201605a47,22.2,69.64,35.032,157.8018018018018
298,"Paul Valentine Womens Vindemia Watch, Khaki",https://www.i-bidder.com/en-gb/auction-catalogues/vfauctions/catalogue-id-vf-auc10234/lot-8096eb88-5bb1-473b-ba53-af620161afec,22.2,57.49,22.882000000000005,103.0720720720721
232,"Agrimin Alltrace High Iodine For Cattle, 20 Pack, Expiry 02/24",https://www.i-bidder.com/en-gb/auction-catalogues/vfauctions/catalogue-id-vf-auc10234/lot-e63372e3-c6bb-41c0-bda1-af6201616366,22.2,110.0,75.392,339.6036036036036
153,Samsonite Laptop Backpack GuardIT 2.0 15.6 Inch Polyester Black 30 x 20 x 44 cm,https://www.i-bidder.com/en-gb/auction-catalogues/vfauctions/catalogue-id-vf-auc10234/lot-846e62fc-c32d-4f65-92cc-af6201610864,22.2,36.78,2.1720000000000024,9.783783783783795
155,"Four Scottish Made Homewares to include 3x Stag Bottle Openers, Oak, 1x Set Of Stag Egg Holders, Oak",https://www.i-bidder.com/en-gb/auction-catalogues/vfauctions/catalogue-id-vf-auc10234/lot-65c82840-6eb4-4da2-b964-af6201610aa9,22.2,329.36,294.752,1327.7117117117118
156,"Set of Twelve Sambonet Motif End Teaspoons, Stainless Steel",https://www.i-bidder.com/en-gb/auction-catalogues/vfauctions/catalogue-id-vf-auc10234/lot-51c64df0-8e91-47ad-8f7a-af6201610be3,22.2,8.94,-25.668,-115.62162162162161
159,"Three Scottish Made Kitchen Items to include 2x Stag And Oak Ceramic Butter Dishes, White And Oak, 1",https://www.i-bidder.com/en-gb/auction-catalogues/vfauctions/catalogue-id-vf-auc10234/lot-e6bedaf8-4895-4eb2-9aba-af6201610fb2,22.2,20.0,-14.607999999999999,-65.8018018018018
234,"Two VOSS.farming Electric Fence Polywire, 400 m",https://www.i-bidder.com/en-gb/auction-catalogues/vfauctions/catalogue-id-vf-auc10234/lot-dc0957ad-61bc-41fa-a52a-af62016165b5,22.2,29.74,-4.868,-21.92792792792793
160,"Three Scottish Made Stag And Oak Small Storage Jars, White And Oak. Box damaged",https://www.i-bidder.com/en-gb/auction-catalogues/vfauctions/catalogue-id-vf-auc10234/lot-2bb6c6c1-a3f5-4fa9-b592-af62016110d0,22.2,15.99,-18.618,-83.86486486486487
164,"Two Scottish Made Stag And Oak Medium Storage Jars, White And Oak",https://www.i-bidder.com/en-gb/auction-catalogues/vfauctions/catalogue-id-vf-auc10234/lot-0f0bab64-8bcb-4037-83d2-af620161157c,22.2,49.74,15.132000000000001,68.16216216216216
166,Two Thermos Stainless King Flask 470ml to include 1x Raspberry and 1x Copper,https://www.i-bidder.com/en-gb/auction-catalogues/vfauctions/catalogue-id-vf-auc10234/lot-461e9636-cb8f-4104-8750-af62016117cf,22.2,15.0,-19.607999999999997,-88.32432432432431
167,"Cruze Non Concussive Mixer Tap, Chrome",https://www.i-bidder.com/en-gb/auction-catalogues/vfauctions/catalogue-id-vf-auc10234/lot-197080d9-c36f-4304-b7bf-af6201611901,22.2,54.26,19.652,88.52252252252254
168,Grohe 28361 Rainshower 400mm Modern Wall Arm,https://www.i-bidder.com/en-gb/auction-catalogues/vfauctions/catalogue-id-vf-auc10234/lot-eac3916c-5ec5-4380-8202-af6201611a3a,22.2,22.6,-12.007999999999997,-54.09009009009008
230,"Two Black Diamond Spot 350 Headlamps, Black",https://www.i-bidder.com/en-gb/auction-catalogues/vfauctions/catalogue-id-vf-auc10234/lot-91b26a1d-ad00-4b8d-8773-af6201616138,22.2,28.25,-6.357999999999999,-28.639639639639636
170,"Ibergrif M22011 Square Concealed Shower Mixer Set, Hot and Cold Bidet Spray with Shattaf Sprayer, Ho",https://www.i-bidder.com/en-gb/auction-catalogues/vfauctions/catalogue-id-vf-auc10234/lot-1aedccd0-bca0-481e-895c-af6201611c88,22.2,29.44,-5.1679999999999975,-23.27927927927927
161,"Three Sets Of Scottish Made Egg Holders, 2x Highland Cow, 1x Stag, Oak",https://www.i-bidder.com/en-gb/auction-catalogues/vfauctions/catalogue-id-vf-auc10234/lot-6cb17eca-94ff-4ecc-9aae-af62016111f8,22.2,22.76,-11.847999999999997,-53.36936936936936
146,"Three Dress Up America Products to include 2x Lil Red Riding Hood, Size S and 1x Nasa Explorer, Size",https://www.i-bidder.com/en-gb/auction-catalogues/vfauctions/catalogue-id-vf-auc10234/lot-0cbcfba3-cd6b-4ef1-abc9-af6201610072,22.2,11.79,-22.817999999999998,-102.78378378378376
144,Nine Childrens Beebee Run Dinosaur Capture Cars,https://www.i-bidder.com/en-gb/auction-catalogues/vfauctions/catalogue-id-vf-auc10234/lot-316a5ca3-1435-4cea-af09-af620160fe36,22.2,33.34,-1.2679999999999954,-5.711711711711691
143,"Nerf Fortnite AR-L Elite Dart Blaster, Yellow",https://www.i-bidder.com/en-gb/auction-catalogues/vfauctions/catalogue-id-vf-auc10234/lot-91112c1b-fad2-4424-9659-af620160fd18,22.2,19.78,-14.827999999999998,-66.79279279279278
100,"IJT TN-247 Toner Cartridge, Comptible with Brother TN-247",https://www.i-bidder.com/en-gb/auction-catalogues/vfauctions/catalogue-id-vf-auc10234/lot-d50b96b9-097a-4b98-b4b9-af620160cb23,22.2,25.26,-9.347999999999997,-42.10810810810809
102,"Original Toner Cartridge KM TNP-80K, AAJW152, Black",https://www.i-bidder.com/en-gb/auction-catalogues/vfauctions/catalogue-id-vf-auc10234/lot-31ba6de1-75ea-46b8-aa00-af620160cd51,22.2,17.09,-17.518,-78.90990990990991
106,Xerox Phaser 3330 WorkCentre 3335 3345 Pickup Roller 108R01470 PDF,https://www.i-bidder.com/en-gb/auction-catalogues/vfauctions/catalogue-id-vf-auc10234/lot-cc013df4-af04-43ac-9b2b-af620160d2b8,22.2,63.2,28.592,128.7927927927928
239,"EHEYCIGA Topper 135 x 190 cm, Mattress Protector 135 x 190cm",https://www.i-bidder.com/en-gb/auction-catalogues/vfauctions/catalogue-id-vf-auc10234/lot-08729e7f-3813-403c-acb3-af6201616b62,22.2,121.32,86.71199999999999,390.5945945945946
238,Dualit Duel Speed Milk Frother Black. Box damaged,https://www.i-bidder.com/en-gb/auction-catalogues/vfauctions/catalogue-id-vf-auc10234/lot-1170aeb0-8a3f-448b-ba42-af6201616a3a,22.2,74.3,39.69199999999999,178.79279279279277
116,"JBL Harman G0 2 Bluetooth Speaker, Blue",https://www.i-bidder.com/en-gb/auction-catalogues/vfauctions/catalogue-id-vf-auc10234/lot-20420a66-40f1-48f0-b005-af620160de1c,22.2,61.94,27.331999999999994,123.1171171171171
237,Corelle Dinnerware Black White Mix & Match 10 3/4 Inch Serving bowls,https://www.i-bidder.com/en-gb/auction-catalogues/vfauctions/catalogue-id-vf-auc10234/lot-3626c2f9-0241-4744-9298-af6201616913,22.2,65.7,31.092,140.05405405405403
123,"TIMMKOO MP3 Player with Bluetooth, 4.0"" Full Touch Screen MP4 MP3 Player with Speaker, 2GB, Black",https://www.i-bidder.com/en-gb/auction-catalogues/vfauctions/catalogue-id-vf-auc10234/lot-4a39b861-0f52-4eb2-af76-af620160e5cc,22.2,39.14,4.532000000000002,20.414414414414424
131,"Korbond Colour Sewing Thread Set, Pack of 30",https://www.i-bidder.com/en-gb/auction-catalogues/vfauctions/catalogue-id-vf-auc10234/lot-3f94555a-e5f0-4435-8c0d-af620160eec1,22.2,6.19,-28.418,-128.009009009009
132,"Ten Infila Automatic Needle Threader for Hand Needles, Purple",https://www.i-bidder.com/en-gb/auction-catalogues/vfauctions/catalogue-id-vf-auc10234/lot-ab932bfd-13f9-4afb-af95-af620160efe8,22.2,7.42,-27.188,-122.46846846846846
134,"Three Desenio Frames, 30 x 40 cm, White",https://www.i-bidder.com/en-gb/auction-catalogues/vfauctions/catalogue-id-vf-auc10234/lot-44332a9b-5489-4f70-9b63-af620160f245,22.2,5.48,-29.128,-131.20720720720723
136,"Twenty-five Balls of Scheepjes Chunky Monkey Yarn, 1029 Rust",https://www.i-bidder.com/en-gb/auction-catalogues/vfauctions/catalogue-id-vf-auc10234/lot-9ea9a5ef-d05d-4df1-b771-af620160f4da,22.2,17.52,-17.088,-76.97297297297297
138,"Twenty-five Balls of Scheepjes Chunky Monkey Yarn, Peach",https://www.i-bidder.com/en-gb/auction-catalogues/vfauctions/catalogue-id-vf-auc10234/lot-6e09d2fd-af87-4a89-93da-af620160f744,22.2,7.69,-26.918,-121.25225225225225
139,Two Packs of Ten Scheepjes Stone Washed Yarn to include 1x Smokey Quartz 50g and 1x Black Onyx 50g,https://www.i-bidder.com/en-gb/auction-catalogues/vfauctions/catalogue-id-vf-auc10234/lot-f4f008b2-0f41-4d5b-92d8-af620160f85e,22.2,9.61,-24.997999999999998,-112.6036036036036
142,MB Sprinter Horse Transporter with Horse,https://www.i-bidder.com/en-gb/auction-catalogues/vfauctions/catalogue-id-vf-auc10234/lot-d8526a16-25f3-45a5-9d40-af620160fbf5,22.2,68.11,33.501999999999995,150.90990990990989
244,Four iDesign Axis Metal Hook Hangers for Bags,https://www.i-bidder.com/en-gb/auction-catalogues/vfauctions/catalogue-id-vf-auc10234/lot-8912272a-f550-42c3-8c55-af6201617126,22.2,7.88,-26.728,-120.39639639639641
203,"Two Packets Of Wireless Motion Sensor Led Lights, 4 in Each Pack",https://www.i-bidder.com/en-gb/auction-catalogues/vfauctions/catalogue-id-vf-auc10234/lot-f803377d-b24c-4657-89fd-af620161424b,22.2,6.74,-27.868,-125.53153153153154
207,BioLite Fire Pit Grill Lid,https://www.i-bidder.com/en-gb/auction-catalogues/vfauctions/catalogue-id-vf-auc10234/lot-1cd97c7c-03d4-4c06-bd38-af62016146d5,22.2,68.38,33.77199999999999,152.12612612612608
208,CBE 12V Digital Test Panel PT622,https://www.i-bidder.com/en-gb/auction-catalogues/vfauctions/catalogue-id-vf-auc10234/lot-02225ed4-d021-4861-b1c0-af6201614810,22.2,25.89,-8.717999999999998,-39.27027027027027
210,"Dancover Carry Bag For Framed, 230x20x30 cm, 4 Handles, Black",https://www.i-bidder.com/en-gb/auction-catalogues/vfauctions/catalogue-id-vf-auc10234/lot-dfec4dd7-b0b7-4213-b2b4-af6201614a5e,22.2,10.09,-24.518,-110.44144144144146
214,"Fatboy Flamtastique XS Oil Lamp, Cream",https://www.i-bidder.com/en-gb/auction-catalogues/vfauctions/catalogue-id-vf-auc10234/lot-03ef6452-172f-443f-bb7e-af6201614ef2,22.2,64.11,29.501999999999995,132.89189189189187
215,"Five Atwood 550 Paracord 100ft, Neon Orange",https://www.i-bidder.com/en-gb/auction-catalogues/vfauctions/catalogue-id-vf-auc10234/lot-ba543183-30e7-492c-8d26-af620161501e,22.2,5.2,-29.408,-132.46846846846847
216,Gardena Automatic Water Distributor,https://www.i-bidder.com/en-gb/auction-catalogues/vfauctions/catalogue-id-vf-auc10234/lot-6085da12-2c5c-45e7-bba8-af6201615141,22.2,55.76,21.152,95.27927927927928
225,"Six Dick Ergogrip Boning Knife 13cm, Semi-Flexible, 82982-13-03. OVER 18s ONLY",https://www.i-bidder.com/en-gb/auction-catalogues/vfauctions/catalogue-id-vf-auc10234/lot-8ca577c0-f922-4755-9bc9-af6201615b8b,22.2,17.5,-17.107999999999997,-77.06306306306305
218,"Highlander Trekker Superlite Lightweight Sleeping Bag, Backpacking Travel Mummy Bag",https://www.i-bidder.com/en-gb/auction-catalogues/vfauctions/catalogue-id-vf-auc10234/lot-c15bed3b-1444-4cbb-a6ab-af620161539d,22.2,31.92,-2.687999999999997,-12.108108108108095
221,Kerbl Electric Fence Rope Rubber 50 m 7 mm,https://www.i-bidder.com/en-gb/auction-catalogues/vfauctions/catalogue-id-vf-auc10234/lot-e422df70-2c4f-4450-85ca-af6201615701,22.2,45.83,11.221999999999998,50.549549549549546
179,"Ibergrif Rome Shower Faucet, M12050",https://www.i-bidder.com/en-gb/auction-catalogues/vfauctions/catalogue-id-vf-auc10234/lot-fe49550c-764d-41be-b9d9-af62016126dc,22.2,14.75,-19.857999999999997,-89.45045045045043
229,Three Bosmere Boot Scrapers. Some Damage to Packaging,https://www.i-bidder.com/en-gb/auction-catalogues/vfauctions/catalogue-id-vf-auc10234/lot-bb61f799-a45a-4634-8cb6-af620161601a,22.2,20.0,-14.607999999999999,-65.8018018018018
182,"Purus SS PVD Coated Grid for Tiled Floors, 155x155mm, Gold",https://www.i-bidder.com/en-gb/auction-catalogues/vfauctions/catalogue-id-vf-auc10234/lot-aaeac179-f804-4110-a14c-af6201612a31,22.2,30.72,-3.888,-17.513513513513512
184,Tado V3 Internet Bridge for Smart Thermostatic Radiator Valves/trv Thermostat,https://www.i-bidder.com/en-gb/auction-catalogues/vfauctions/catalogue-id-vf-auc10234/lot-a3005dab-a369-47ef-992e-af6201612c7b,22.2,70.1,35.49199999999999,159.87387387387383
186,"Three Ibergrif M22015R Recessed Shower Set for WC and Bidet, Cold Water, Chrome",https://www.i-bidder.com/en-gb/auction-catalogues/vfauctions/catalogue-id-vf-auc10234/lot-172382f3-d4cb-42e5-8519-af6201612eb7,22.2,75.47,40.861999999999995,184.06306306306303
187,"Two Items Of Phillips Sonicare to include 1x Brush 2100. White and 1x Sonicare Replacement Heads, 2",https://www.i-bidder.com/en-gb/auction-catalogues/vfauctions/catalogue-id-vf-auc10234/lot-44b0d754-9093-4d31-8f54-af6201612fc7,22.2,43.19,8.581999999999997,38.657657657657644
189,Collingwood GL019 F Warm White 1W Mini LED Ground Light,https://www.i-bidder.com/en-gb/auction-catalogues/vfauctions/catalogue-id-vf-auc10234/lot-5856fa3a-16bd-4865-a3f1-af62016131fe,22.2,38.4,3.792,17.08108108108108
190,Four Fusion 14W4 Pin LED Non Dimmable 2D Lamps. Packaging damaged,https://www.i-bidder.com/en-gb/auction-catalogues/vfauctions/catalogue-id-vf-auc10234/lot-314703d2-d354-49e5-b9fd-af620161334b,22.2,7.94,-26.668,-120.12612612612612
191,Phillips Hue Outdoor Sensor,https://www.i-bidder.com/en-gb/auction-catalogues/vfauctions/catalogue-id-vf-auc10234/lot-c0c83e20-480d-469c-b1e6-af6201613480,22.2,50.55,15.941999999999997,71.81081081081079
192,Senic Friends of Hue Outdoor Switch,https://www.i-bidder.com/en-gb/auction-catalogues/vfauctions/catalogue-id-vf-auc10234/lot-99c5f4fb-5a26-491d-bb19-af62016135b1,22.2,40.5,5.892000000000001,26.540540540540547
193,Three Fusion 8W GR8 2 Pin LED Non Dimmable 2D Lamp 4000K,https://www.i-bidder.com/en-gb/auction-catalogues/vfauctions/catalogue-id-vf-auc10234/lot-7ac1a192-6fc7-479d-add0-af62016136dd,22.2,11.73,-22.878,-103.05405405405406
194,Two Fusion 8W GR8 2 Pin LED Non Dimmable 2D Lamp 4000K,https://www.i-bidder.com/en-gb/auction-catalogues/vfauctions/catalogue-id-vf-auc10234/lot-45385b2b-3ea9-4d95-811b-af62016137fb,22.2,11.73,-22.878,-103.05405405405406
195,Two Khuvan Wall Lamp Black with LED IP44 with Motion Sensor,https://www.i-bidder.com/en-gb/auction-catalogues/vfauctions/catalogue-id-vf-auc10234/lot-46c94540-b05e-4f46-ba72-af620161394d,22.2,19.53,-15.077999999999998,-67.91891891891892
98,HP 953XL High Yield Black Original Ink Cartridge,https://www.i-bidder.com/en-gb/auction-catalogues/vfauctions/catalogue-id-vf-auc10234/lot-67dd582a-df8b-445f-b77b-af620160c8ff,22.2,28.25,-6.357999999999999,-28.639639639639636
112,"Fender Venice Soprano Ukulele, Black",https://www.i-bidder.com/en-gb/auction-catalogues/vfauctions/catalogue-id-vf-auc10234/lot-698305e5-765a-4082-ac72-af620160d99f,22.2,30.5,-4.107999999999999,-18.5045045045045
287,"Five Bag Straps, Black Metallic Star and Gold Stripe",https://www.i-bidder.com/en-gb/auction-catalogues/vfauctions/catalogue-id-vf-auc10234/lot-b2596727-dd6d-4fdd-855e-af620161a2a1,22.2,10.41,-24.198,-109.00000000000001
250,"Mystic Moments Lavandin Grosso Essential Oil, 100% Pure, 1Kg",https://www.i-bidder.com/en-gb/auction-catalogues/vfauctions/catalogue-id-vf-auc10234/lot-a5cc59e3-8860-4cc2-84e7-af6201617800,22.2,14.97,-19.637999999999998,-88.45945945945945
67,"DoorBird 423867352 Door Intercom Accessories Fittings, Black",https://www.i-bidder.com/en-gb/auction-catalogues/vfauctions/catalogue-id-vf-auc10234/lot-a1635441-4341-4d63-bda0-af620160a58a,22.2,27.62,-6.987999999999998,-31.477477477477468
268,"Burton Child Softshell Jacket, Blue TIdal Dye, Size S",https://www.i-bidder.com/en-gb/auction-catalogues/vfauctions/catalogue-id-vf-auc10234/lot-286bc5dd-b7bc-424d-a809-af6201618c62,22.2,35.06,0.4520000000000035,2.036036036036052
255,"Scottish Made Stag Monarch Oak Serving Tray, Small, Oak",https://www.i-bidder.com/en-gb/auction-catalogues/vfauctions/catalogue-id-vf-auc10234/lot-e00e6856-1394-4b9d-80af-af6201617d95,22.2,19.65,-14.958,-67.37837837837837
6,NEEWER NL480-2.4G Bi-Color LED Panel Light,https://www.i-bidder.com/en-gb/auction-catalogues/vfauctions/catalogue-id-vf-auc10234/lot-04822678-27d4-4082-a0d0-af620160612e,22.2,108.48,73.872,332.7567567567568
267,"Bayer Kids Leverkusen Away Shirt 2022-2023, Black, Size 158cm",https://www.i-bidder.com/en-gb/auction-catalogues/vfauctions/catalogue-id-vf-auc10234/lot-00a10c46-67eb-4cdf-a0b5-af6201618b36,22.2,31.1,-3.5079999999999973,-15.80180180180179
265,"Bayer Kids Leverkusen Away Shirt 2022-2023, Black, Size 146cm",https://www.i-bidder.com/en-gb/auction-catalogues/vfauctions/catalogue-id-vf-auc10234/lot-540d8d92-6a49-40c4-86bc-af62016188f1,22.2,26.56,-8.048,-36.252252252252255
7,Two GoPro Products to include 1x Rechargeable Battery and 1x Suction Cup,https://www.i-bidder.com/en-gb/auction-catalogues/vfauctions/catalogue-id-vf-auc10234/lot-a1f1d4d3-80ab-4614-9704-af6201606255,22.2,15.18,-19.427999999999997,-87.5135135135135
269,"Ergobaby Embrace Baby Carrier, Oxford Blue",https://www.i-bidder.com/en-gb/auction-catalogues/vfauctions/catalogue-id-vf-auc10234/lot-b6e04f48-a631-40ef-be69-af6201618d89,22.2,36.99,2.3820000000000032,10.729729729729746
56,"Two Xiaomi Mi Routers, 4A, Gigabit Edition, DVB422GL",https://www.i-bidder.com/en-gb/auction-catalogues/vfauctions/catalogue-id-vf-auc10234/lot-2ab1528a-074d-4fb4-a627-af620160994a,22.2,23.0,-11.607999999999999,-52.288288288288285
74,Six Tiger Mini 26/6 Stapler including 1000 Staples,https://www.i-bidder.com/en-gb/auction-catalogues/vfauctions/catalogue-id-vf-auc10234/lot-ba73326f-63fa-49dd-ac24-af620160ad78,22.2,8.05,-26.558,-119.63063063063063
73,"Six Datalogic Collapsible Stand/Holder for QuickScan I Lite QW2100 Scanner STD-QW20-BK, Black",https://www.i-bidder.com/en-gb/auction-catalogues/vfauctions/catalogue-id-vf-auc10234/lot-d364db08-d5d4-4bfa-ac1c-af620160ac47,22.2,25.66,-8.947999999999999,-40.3063063063063
264,"Adidas Childrens Hockey Shoes Young Star, Blue, Orange, UK 4, No Box",https://www.i-bidder.com/en-gb/auction-catalogues/vfauctions/catalogue-id-vf-auc10234/lot-b6eb0f0e-78cb-4cd1-803f-af62016187db,22.2,20.66,-13.947999999999999,-62.82882882882882
262,Two Packs of Weck Set of 12 Small 200ml Jars,https://www.i-bidder.com/en-gb/auction-catalogues/vfauctions/catalogue-id-vf-auc10234/lot-282189f5-2e37-43a7-8682-af6201618583,22.2,16.27,-18.338,-82.60360360360362
256,"Scottish Made Stag Prince Oak Serving Tray, Small, Oak",https://www.i-bidder.com/en-gb/auction-catalogues/vfauctions/catalogue-id-vf-auc10234/lot-36fa607f-d03d-4d35-8f87-af6201617eb8,22.2,19.21,-15.397999999999998,-69.36036036036035
261,"Twenty-five Ohio Travel Bag 1/4"" Nickel, Center Bar Buckle, Solid Brass",https://www.i-bidder.com/en-gb/auction-catalogues/vfauctions/catalogue-id-vf-auc10234/lot-53bf94a6-2d3d-403e-aec7-af6201618452,22.2,13.28,-21.328,-96.07207207207207
259,"Three Eighty-Eight Storage Boxes, Large",https://www.i-bidder.com/en-gb/auction-catalogues/vfauctions/catalogue-id-vf-auc10234/lot-6f7e0bb6-0e41-423d-bf82-af620161821b,22.2,18.09,-16.518,-74.40540540540542
65,Six Harry Potter Slytherin Pop Sockets Single Phone Grip Universal Phone Holder,https://www.i-bidder.com/en-gb/auction-catalogues/vfauctions/catalogue-id-vf-auc10234/lot-800d4615-c9c5-4626-a129-af620160a34e,22.2,4.49,-30.118000000000002,-135.66666666666669
75,Xerox Staple Cartridge,https://www.i-bidder.com/en-gb/auction-catalogues/vfauctions/catalogue-id-vf-auc10234/lot-31f1cf6d-360f-4b99-ae7e-af620160aea4,22.2,50.84,16.232000000000003,73.11711711711713
248,"Gudrun Sjoden Okarina Printed Organic Cotton Mat 70 x 180cm, 65 Indigofera",https://www.i-bidder.com/en-gb/auction-catalogues/vfauctions/catalogue-id-vf-auc10234/lot-a1fc32d5-11ac-4e5c-96f1-af62016175b1,22.2,13.02,-21.588,-97.24324324324326
293,Paul Valentine PVW2011-S000008 Womens Bracelet,https://www.i-bidder.com/en-gb/auction-catalogues/vfauctions/catalogue-id-vf-auc10234/lot-2315b18f-4e58-43e4-b25b-af620161aa19,22.2,42.5,7.8919999999999995,35.549549549549546
270,"Frugi Kids Unisex Hit The Slope Snow & Ski Coat, Size 6-7 Years",https://www.i-bidder.com/en-gb/auction-catalogues/vfauctions/catalogue-id-vf-auc10234/lot-e7fe3fc5-4bf8-40d9-b3b9-af6201618ea3,22.2,36.21,1.602000000000002,7.2162162162162256
286,"Eton Mens Pocket Square, Navy Stripes, One Size",https://www.i-bidder.com/en-gb/auction-catalogues/vfauctions/catalogue-id-vf-auc10234/lot-0daed3fe-eb8c-430d-ba65-af620161a138,22.2,11.8,-22.808,-102.73873873873873
285,"Two Jack Wolfskin Bags to include 1x Ancona, Black and 1x, Valparaiso, Black",https://www.i-bidder.com/en-gb/auction-catalogues/vfauctions/catalogue-id-vf-auc10234/lot-0f614a1d-2e88-4982-a8a6-af6201619fe7,22.2,23.23,-11.377999999999998,-51.25225225225225
284,"Two Dankine Hot Laps Bags, 1x Sparrow and 1x Midnight, One Size",https://www.i-bidder.com/en-gb/auction-catalogues/vfauctions/catalogue-id-vf-auc10234/lot-991a0b23-b92a-414c-9bcb-af6201619ec0,22.2,25.39,-9.217999999999998,-41.522522522522515
27,"Eight Connekt Gear DisplayPort to HDMI Connector Cable 1m 26-6210, Black",https://www.i-bidder.com/en-gb/auction-catalogues/vfauctions/catalogue-id-vf-auc10234/lot-237bac29-6c64-4d74-9a1c-af62016078d3,22.2,6.63,-27.978,-126.02702702702703
288,Five Felt So Good Green Sunfish Fair Trade Handmade Felt Fish,https://www.i-bidder.com/en-gb/auction-catalogues/vfauctions/catalogue-id-vf-auc10234/lot-1c2fb05a-99ae-4ccf-a70b-af620161a41e,22.2,8.33,-26.278,-118.36936936936937
290,"Revolution Race Unisex Alpine Ascent Gloves, Black, Size 8",https://www.i-bidder.com/en-gb/auction-catalogues/vfauctions/catalogue-id-vf-auc10234/lot-388e45c8-7e75-475a-b97b-af620161a66c,22.2,24.55,-10.057999999999998,-45.3063063063063
245,"Four InterDesign Linus Fridge N Pantry Binz 8x8x6, Clear",https://www.i-bidder.com/en-gb/auction-catalogues/vfauctions/catalogue-id-vf-auc10234/lot-3b7c25dc-9d57-49de-8a58-af6201617249,22.2,15.22,-19.387999999999998,-87.33333333333333
87,"Canon Transfer Roller Inner, FL0-4164-000",https://www.i-bidder.com/en-gb/auction-catalogues/vfauctions/catalogue-id-vf-auc10234/lot-de11b75e-31d8-4af8-aa1c-af620160bcb1,22.2,21.84,-12.767999999999999,-57.513513513513516
279,"Bradbury & Oak Womens NE-Danbury Handbag, Brown",https://www.i-bidder.com/en-gb/auction-catalogues/vfauctions/catalogue-id-vf-auc10234/lot-0d073e0b-379c-4fcd-887a-af62016198e8,22.2,63.76,29.152,131.31531531531533
48,Three Jonkuu Portable Power Bank Chargers 10000mAh,https://www.i-bidder.com/en-gb/auction-catalogues/vfauctions/catalogue-id-vf-auc10234/lot-03c8c9cf-7831-4b3a-9b72-af6201609077,22.2,15.01,-19.598,-88.27927927927928
33,Four Jonkuu Portable Power Bank Chargers 10000mAh,https://www.i-bidder.com/en-gb/auction-catalogues/vfauctions/catalogue-id-vf-auc10234/lot-eae21155-5b35-4765-8487-af6201607f9f,22.2,15.1,-19.508,-87.87387387387388
276,"Two Freed of London Childrens Freya Skirted Leotards, Pink",https://www.i-bidder.com/en-gb/auction-catalogues/vfauctions/catalogue-id-vf-auc10234/lot-2f28cab3-9cc8-48b0-b61f-af6201619593,22.2,14.5,-20.107999999999997,-90.57657657657656
271,Mon Petit Morphée Sleep Aid and Return to Calm,https://www.i-bidder.com/en-gb/auction-catalogues/vfauctions/catalogue-id-vf-auc10234/lot-5180a222-d3a8-49e3-9653-af6201618fc0,22.2,16.56,-18.048000000000002,-81.2972972972973
42,"Lenovo 01YU995 CABLE FPC Cable, WWAN Sensor",https://www.i-bidder.com/en-gb/auction-catalogues/vfauctions/catalogue-id-vf-auc10234/lot-8d52d5ec-93cf-4c84-bf97-af6201608986,22.2,16.85,-17.757999999999996,-79.99099099099098
273,"Safety 1st Rainbow Stroller, Baleine Blue",https://www.i-bidder.com/en-gb/auction-catalogues/vfauctions/catalogue-id-vf-auc10234/lot-b7cfa70e-b269-4419-a15b-af620161921d,22.2,106.92,72.312,325.72972972972974
274,"Six Mountain Warehouse Kids Sherpa Fleece Neck Gaiter, Winter Neck Warmer, Cobalt",https://www.i-bidder.com/en-gb/auction-catalogues/vfauctions/catalogue-id-vf-auc10234/lot-cb3990d0-041d-48a2-bf4b-af6201619344,22.2,11.74,-22.868,-103.009009009009
277,"Two Pairs Of Converse Junior All Star Low Trainers to include 1x UK 1, Black and 1x UK 11, Navy",https://www.i-bidder.com/en-gb/auction-catalogues/vfauctions/catalogue-id-vf-auc10234/lot-e9b8789e-5e38-468f-bfc1-af62016196b1,22.2,23.96,-10.647999999999998,-47.963963963963955
23,"Compulocks Maclocks Mac Mini Lock, Mac Mini Enclosure, Mac Mini Security Mount",https://www.i-bidder.com/en-gb/auction-catalogues/vfauctions/catalogue-id-vf-auc10234/lot-b48ef295-8609-40b6-9b3a-af620160745b,22.2,17.32,-17.287999999999997,-77.87387387387386
278,"Two Pairs of Geox Boys Trainers to include 1x J Crush, White and 1x J Torque, Lime Green/Grey, UK 1",https://www.i-bidder.com/en-gb/auction-catalogues/vfauctions/catalogue-id-vf-auc10234/lot-05554838-509c-4fc1-94b6-af62016197d4,22.2,154.16,119.55200000000002,538.5225225225226
246,"Georg Jenson Candle Stick Holder, Silver, 20cm High",https://www.i-bidder.com/en-gb/auction-catalogues/vfauctions/catalogue-id-vf-auc10234/lot-ac4f334f-eecf-426c-869f-af620161735e,22.2,24.2,-10.408,-46.88288288288288
163,"Two Gulliver Manual Stainless Steel Tomato Press With Suction Pad, Stainless Steel",https://www.i-bidder.com/en-gb/auction-catalogues/vfauctions/catalogue-id-vf-auc10234/lot-d9f1dae6-65da-4a48-914f-af6201611459,29.6,57.02,13.975999999999999,47.21621621621621
59,"WD 2 TB My Passport Portable Hard Drive, Black",https://www.i-bidder.com/en-gb/auction-catalogues/vfauctions/catalogue-id-vf-auc10234/lot-64fa80de-9ca8-4d8b-8d45-af6201609c8d,29.6,75.08,32.035999999999994,108.22972972972971
158,"Three Packs of Tile Stickers, 12 Sheet Peel Stick Kitchen Backsplash Tile Stickers, Self Adhesive, C",https://www.i-bidder.com/en-gb/auction-catalogues/vfauctions/catalogue-id-vf-auc10234/lot-bf560900-f1e7-4f81-9e7d-af6201610e95,29.6,9.07,-33.974000000000004,-114.77702702702703
55,"Two HP Executive Slim Top Load Notebook Carrying Case, Black",https://www.i-bidder.com/en-gb/auction-catalogues/vfauctions/catalogue-id-vf-auc10234/lot-b741641d-db10-48a6-9288-af6201609828,29.6,18.5,-24.544000000000004,-82.91891891891893
89,"Genuine Epson 603XL, Starfish High Capacity Multipack Ink Cartridges",https://www.i-bidder.com/en-gb/auction-catalogues/vfauctions/catalogue-id-vf-auc10234/lot-90ef42f5-0fea-4201-b633-af620160bef1,29.6,23.39,-19.654000000000003,-66.39864864864866
162,"Twelve Bottles of Brandon Bespoke Knife Sharpening Honing Oil, 250ml",https://www.i-bidder.com/en-gb/auction-catalogues/vfauctions/catalogue-id-vf-auc10234/lot-54a8cf1b-e891-493b-9380-af620161131f,29.6,18.05,-24.994,-84.43918918918918
258,"Six Joejis Retractable Washing Line, 2 x 15 Meters",https://www.i-bidder.com/en-gb/auction-catalogues/vfauctions/catalogue-id-vf-auc10234/lot-5714edef-d8e4-4186-ad00-af62016180f4,29.6,16.9,-26.144000000000005,-88.32432432432434
241,"Eight BrownTrout Yoga Dogs 12"" x 12"" Monthly Wall Calendar",https://www.i-bidder.com/en-gb/auction-catalogues/vfauctions/catalogue-id-vf-auc10234/lot-51210f80-3b98-4a02-a22a-af6201616db0,29.6,8.6,-34.444,-116.36486486486486
107,"Xerox Phaser 6500 WorkCentre 6505, Genuine High-Capacity Cyan Toner Cartridge 106R01594",https://www.i-bidder.com/en-gb/auction-catalogues/vfauctions/catalogue-id-vf-auc10234/lot-7d1bd046-d29a-4bb7-8c10-af620160d3e9,29.6,56.97,13.925999999999995,47.04729729729728
113,"Four Devine MIC100/10 XLR Microphone/Signal Cable, 10m",https://www.i-bidder.com/en-gb/auction-catalogues/vfauctions/catalogue-id-vf-auc10234/lot-4084ca2d-7f71-4a25-a714-af620160dab4,29.6,19.1,-23.944000000000003,-80.8918918918919
294,"Paula Bolton Vermeer Earrings, 9142",https://www.i-bidder.com/en-gb/auction-catalogues/vfauctions/catalogue-id-vf-auc10234/lot-24ea4a1e-fd94-4246-9a6d-af620161ab4f,29.6,33.24,-9.804,-33.12162162162162
118,"Sangean Desktop Radio, Case Radio, Dark Blue, EU Plug",https://www.i-bidder.com/en-gb/auction-catalogues/vfauctions/catalogue-id-vf-auc10234/lot-f895a73e-278d-49aa-a72b-af620160e040,29.6,52.2,9.155999999999999,30.932432432432428
121,"Thomann Battery Charger Pro, Black",https://www.i-bidder.com/en-gb/auction-catalogues/vfauctions/catalogue-id-vf-auc10234/lot-095df36d-2b52-4c1c-8350-af620160e391,29.6,21.84,-21.204,-71.63513513513513
122,"Three Reshow Recorder Cassette Radio Player, Capture Tape to MP3 Converter, R-CP18S, Silver",https://www.i-bidder.com/en-gb/auction-catalogues/vfauctions/catalogue-id-vf-auc10234/lot-c5df3453-799b-43b2-bcb5-af620160e4ae,29.6,17.59,-25.454,-85.99324324324324
78,"Brother LC3219XL Original Ink Cartridge Black, Cyan, Magenta, Yellow Pack of 4 Multipack",https://www.i-bidder.com/en-gb/auction-catalogues/vfauctions/catalogue-id-vf-auc10234/lot-1bc90780-8948-40a0-9ef1-af620160b22e,29.6,32.85,-10.194,-34.43918918918919
126,"Two Packs of Evans 12"" Real Feel Single Sided Speed Pad",https://www.i-bidder.com/en-gb/auction-catalogues/vfauctions/catalogue-id-vf-auc10234/lot-dd777fbe-2f65-4dee-92e2-af620160e92b,29.6,19.91,-23.134,-78.1554054054054
240,Eight 2023 Wall Calendars to include 6x Flight by Annie Soudain and 2x Eric Ravilious,https://www.i-bidder.com/en-gb/auction-catalogues/vfauctions/catalogue-id-vf-auc10234/lot-dbb8658c-dc7f-4969-af0f-af6201616c9c,29.6,26.5,-16.544000000000004,-55.8918918918919
242,"Eight packs Of Duracell Plus AA Alkaline Batteries, Packs of 12, Expiry 03/29",https://www.i-bidder.com/en-gb/auction-catalogues/vfauctions/catalogue-id-vf-auc10234/lot-cb1f0d12-7c99-4064-8942-af6201616ed3,29.6,6.89,-36.154,-122.1418918918919
104,"Three Items of HP Products to include 1x 950XL, Black, 1x 903XL, Yellow and 1x 903XL, Magenta",https://www.i-bidder.com/en-gb/auction-catalogues/vfauctions/catalogue-id-vf-auc10234/lot-66a9c1eb-c6da-42e9-bd48-af620160cfb7,29.6,59.56,16.516,55.79729729729729
133,"Thirty Five Balls of Scheepjes Chunky Monkey Yarn, Moss Green",https://www.i-bidder.com/en-gb/auction-catalogues/vfauctions/catalogue-id-vf-auc10234/lot-fac3ff02-4f02-4c6b-b667-af620160f122,29.6,7.59,-35.454,-119.77702702702702
243,"Eighteen Corner Shelf L270mm D270mm, White",https://www.i-bidder.com/en-gb/auction-catalogues/vfauctions/catalogue-id-vf-auc10234/lot-f9d85a16-9643-4246-afec-af6201617004,29.6,77.72,34.675999999999995,117.14864864864862
86,"Canon C-EXV53 Toner, Black",https://www.i-bidder.com/en-gb/auction-catalogues/vfauctions/catalogue-id-vf-auc10234/lot-8365f2b4-ee05-4fa5-82cc-af620160bb7c,29.6,67.22,24.175999999999995,81.67567567567565
97,"HP 72 Original Ink Cartridge C9403A Matte Black, Expiry 08/23",https://www.i-bidder.com/en-gb/auction-catalogues/vfauctions/catalogue-id-vf-auc10234/lot-3f02169f-d7a2-49ea-adc7-af620160c7d8,29.6,49.67,6.6259999999999994,22.38513513513513
291,"Emporio Armani Essential Bracelet, Black",https://www.i-bidder.com/en-gb/auction-catalogues/vfauctions/catalogue-id-vf-auc10234/lot-e671edd5-7b9e-4190-a6ce-af620161a793,37.0,41.1,-10.379999999999999,-28.05405405405405
105,"Utax PK-3010, Toner Cartridge Black, P-4531, P-5531- Original",https://www.i-bidder.com/en-gb/auction-catalogues/vfauctions/catalogue-id-vf-auc10234/lot-33e969d2-d452-470d-b91b-af620160d0c7,37.0,22.84,-28.64,-77.4054054054054
280,"Fossil Womens Sam Shopper Bag, Brown Leather",https://www.i-bidder.com/en-gb/auction-catalogues/vfauctions/catalogue-id-vf-auc10234/lot-ba99585a-574e-43c0-9530-af6201619a0b,37.0,24.09,-27.39,-74.02702702702703
227,"Teesa BBQ 2000 2-Burner Gas Barbecue, TSA0080, Dimensions 98 x 44 x 100 cm, Black",https://www.i-bidder.com/en-gb/auction-catalogues/vfauctions/catalogue-id-vf-auc10234/lot-49a48aec-58ec-4cdf-80a9-af6201615dde,37.0,14.76,-36.72,-99.24324324324324
110,Anker Soundcore Frames Review Discrete Smart Sunglasses with QUICK-SWAP Frames,https://www.i-bidder.com/en-gb/auction-catalogues/vfauctions/catalogue-id-vf-auc10234/lot-187dd09b-4a38-40fc-b211-af620160d76d,37.0,37.81,-13.669999999999998,-36.945945945945944
141,Four Mingta Pixio Plastic 400pcs Building Blocks,https://www.i-bidder.com/en-gb/auction-catalogues/vfauctions/catalogue-id-vf-auc10234/lot-1c00183a-7738-4f8a-9a44-af620160fad3,37.0,13.29,-38.19,-103.21621621621621
111,Bang & Olufsen Beoplay A9 Wall Bracket,https://www.i-bidder.com/en-gb/auction-catalogues/vfauctions/catalogue-id-vf-auc10234/lot-55b591ee-7a12-4f1e-b2cd-af620160d886,37.0,485.65,434.16999999999996,1173.4324324324323
145,Sixteen Pokemon Charmander Trading Cards,https://www.i-bidder.com/en-gb/auction-catalogues/vfauctions/catalogue-id-vf-auc10234/lot-795517b9-e16d-4cfa-97cf-af620160ff46,37.0,35.24,-16.24,-43.89189189189189
165,Two Sets Of The Just Slate Company Stag Design Beer Glasses,https://www.i-bidder.com/en-gb/auction-catalogues/vfauctions/catalogue-id-vf-auc10234/lot-6ab9d470-c309-4520-8dde-af62016116b6,37.0,14.38,-37.099999999999994,-100.27027027027025
128,"Two Tripod Boom Microphone Stand, Black. Box damaged",https://www.i-bidder.com/en-gb/auction-catalogues/vfauctions/catalogue-id-vf-auc10234/lot-e5fc23ae-117f-4f26-aa57-af620160eb6c,37.0,177.04,125.56,339.35135135135135
129,Two Vandoren Products to include 1x Alto Sax Reeds 3 V21 and 1x ZZ Alto Saxophone Reeds,https://www.i-bidder.com/en-gb/auction-catalogues/vfauctions/catalogue-id-vf-auc10234/lot-4322ebd5-5df7-43aa-a847-af620160ec89,37.0,32.2,-19.279999999999998,-52.1081081081081
235,Blueair Blue 3210 Air Purifier,https://www.i-bidder.com/en-gb/auction-catalogues/vfauctions/catalogue-id-vf-auc10234/lot-6d71bc13-9ed0-428e-bc59-af62016166d3,37.0,77.54,26.060000000000002,70.43243243243244
43,"Logitech Pro X Superlight Wireless Mouse, Black",https://www.i-bidder.com/en-gb/auction-catalogues/vfauctions/catalogue-id-vf-auc10234/lot-33275862-a12c-44cc-9a17-af6201608aa9,37.0,69.29,17.810000000000006,48.13513513513515
154,"Samsonite OpenRoad 2.0 Laptop Backpack, 14.1""",https://www.i-bidder.com/en-gb/auction-catalogues/vfauctions/catalogue-id-vf-auc10234/lot-b8d5afa5-fb5d-4536-bcab-af6201610995,37.0,96.27,44.78999999999999,121.05405405405403
206,Alarm.Com WI-FI Outdoor Bullet Camera,https://www.i-bidder.com/en-gb/auction-catalogues/vfauctions/catalogue-id-vf-auc10234/lot-06163596-1e53-4e9e-ac1a-af62016145b8,37.0,64.21,12.729999999999993,34.40540540540539
257,"Six Cosmetic Organizers Space Saver At A Glance, Clear",https://www.i-bidder.com/en-gb/auction-catalogues/vfauctions/catalogue-id-vf-auc10234/lot-15283ad1-6cef-4f89-b80c-af6201617fdf,37.0,16.5,-34.980000000000004,-94.54054054054055
17,3Dconnexion CadMouse Wireless Mouse Bluetooth+USB Optical 7200 DPI Right-Hand,https://www.i-bidder.com/en-gb/auction-catalogues/vfauctions/catalogue-id-vf-auc10234/lot-0fa44db0-a90d-49aa-8893-af6201606d95,44.4,20.5,-39.416,-88.77477477477477
289,"Red Wing Heritage Leather Belt Black 96503 Herren, 32 inch/90cm",https://www.i-bidder.com/en-gb/auction-catalogues/vfauctions/catalogue-id-vf-auc10234/lot-3908d1ed-8de5-4a5c-ae6c-af620161a536,44.4,75.08,15.164000000000001,34.15315315315316
222,Miller 1032872 Duraflex H-Design Size 2 2pt Full Body Harness 2 Loops,https://www.i-bidder.com/en-gb/auction-catalogues/vfauctions/catalogue-id-vf-auc10234/lot-cf78b9f1-cb79-4047-8d15-af620161581a,44.4,77.84,17.924000000000007,40.36936936936939
295,Vivienne Westwood Womens Mini Bas Relief Pearl Choker,https://www.i-bidder.com/en-gb/auction-catalogues/vfauctions/catalogue-id-vf-auc10234/lot-cec2265b-d38c-4f12-bace-af620161ac8e,44.4,73.98,14.064000000000007,31.67567567567569
57,"WACOM CDS-610G Bamboo Folio Smartpad, Small",https://www.i-bidder.com/en-gb/auction-catalogues/vfauctions/catalogue-id-vf-auc10234/lot-a043901f-ac27-43dd-9191-af6201609a5a,44.4,22.22,-37.696,-84.9009009009009
188,"Worcester Bosch Easycontrol Smart Thermostat, White, 7736701341",https://www.i-bidder.com/en-gb/auction-catalogues/vfauctions/catalogue-id-vf-auc10234/lot-91d235de-c8ac-4f52-beb7-af62016130e5,44.4,113.73,53.814000000000014,121.20270270270275
44,"Microsoft Surface Pro Type Cover, Black, Model 1725",https://www.i-bidder.com/en-gb/auction-catalogues/vfauctions/catalogue-id-vf-auc10234/lot-a811d125-894b-4a99-a38c-af6201608bc2,44.4,37.38,-22.535999999999994,-50.75675675675675
46,"Siemens Simatic PDM V9.1 Update 6, 6ES7658-3GX68-0YT8, Software with Licence",https://www.i-bidder.com/en-gb/auction-catalogues/vfauctions/catalogue-id-vf-auc10234/lot-400522db-9a18-4de8-a3a7-af6201608e1f,44.4,279.56,219.644,494.6936936936937
60,Western Digital Blue SN550 1TB M.2-2280 SSD. Box damaged,https://www.i-bidder.com/en-gb/auction-catalogues/vfauctions/catalogue-id-vf-auc10234/lot-f025cc97-5035-4e2b-9f77-af6201609dc2,44.4,84.13,24.214,54.53603603603604
233,Poultry Kit Automatic Chicken Flap Door Opening,https://www.i-bidder.com/en-gb/auction-catalogues/vfauctions/catalogue-id-vf-auc10234/lot-ef531c09-5b72-420d-9de6-af6201616484,44.4,41.83,-18.086,-40.734234234234236
117,Kala Learn To Play Ukulele Starter Kit,https://www.i-bidder.com/en-gb/auction-catalogues/vfauctions/catalogue-id-vf-auc10234/lot-2406a198-5589-4528-8d75-af620160df2d,44.4,43.02,-16.895999999999994,-38.05405405405404
79,Canon 0481C002 Exv51 Black Toner,https://www.i-bidder.com/en-gb/auction-catalogues/vfauctions/catalogue-id-vf-auc10234/lot-d55b2ec9-aaea-44ec-ad36-af620160b380,44.4,97.72,37.804,85.14414414414415
247,"Gladwell Gecko Robot Window Cleaner, White",https://www.i-bidder.com/en-gb/auction-catalogues/vfauctions/catalogue-id-vf-auc10234/lot-6d571c83-744a-4a2f-8edd-af620161748e,51.8,51.0,-17.351999999999997,-33.49806949806949
297,"Five Honor Band 5 Smart Wristbands, AMOLED Display",https://www.i-bidder.com/en-gb/auction-catalogues/vfauctions/catalogue-id-vf-auc10234/lot-6ffcbd27-d1f0-49ae-96a5-af620161aed3,51.8,23.09,-45.262,-87.37837837837839
249,Hisar Teos 8 Piece Pot Set,https://www.i-bidder.com/en-gb/auction-catalogues/vfauctions/catalogue-id-vf-auc10234/lot-b11b7e6e-e3ce-4d81-a398-af62016176d4,51.8,57.95,-10.401999999999994,-20.08108108108107
77,Xerox WorkCentre 5845/5855 1 Staple Cartridge,https://www.i-bidder.com/en-gb/auction-catalogues/vfauctions/catalogue-id-vf-auc10234/lot-9a5fd02e-5306-4cba-b5be-af620160b100,51.8,17.5,-50.852,-98.16988416988417
282,"Ralph Lauren Womens Reversible Leather Bag, Tan, Orange",https://www.i-bidder.com/en-gb/auction-catalogues/vfauctions/catalogue-id-vf-auc10234/lot-da86d27d-cc8f-4382-9bef-af6201619c5e,51.8,76.22,7.868000000000002,15.189189189189195
135,Twelve 3D Fabric Paints Permanent T-Shirt Clothes Crafts Assorted Colours Glitter,https://www.i-bidder.com/en-gb/auction-catalogues/vfauctions/catalogue-id-vf-auc10234/lot-c1f56991-14a5-4b61-9eb2-af620160f38d,51.8,10.0,-58.352,-112.64864864864865
283,"Ralph Lauren Womens Reversible Small Tote Bag, Tan",https://www.i-bidder.com/en-gb/auction-catalogues/vfauctions/catalogue-id-vf-auc10234/lot-78bdee35-bcde-43e3-8afa-af6201619d85,51.8,64.59,-3.7619999999999942,-7.262548262548252
71,Original Meto Classic M Price Gun Kit,https://www.i-bidder.com/en-gb/auction-catalogues/vfauctions/catalogue-id-vf-auc10234/lot-77af9c1c-7b00-4335-85bf-af620160a9fd,51.8,28.79,-39.562,-76.37451737451737
140,Forty-five Digital Avengers Watches,https://www.i-bidder.com/en-gb/auction-catalogues/vfauctions/catalogue-id-vf-auc10234/lot-45384e99-47b2-44b6-b32f-af620160f9b9,51.8,15.55,-52.802,-101.93436293436294
148,"Oakley SI Street Trolley Bags 2.0, Dark Brush",https://www.i-bidder.com/en-gb/auction-catalogues/vfauctions/catalogue-id-vf-auc10234/lot-eece653e-79b5-4287-a933-af62016102c0,51.8,17.0,-51.352,-99.13513513513513
260,Twelve Sabre Bamboo Bottle Opener,https://www.i-bidder.com/en-gb/auction-catalogues/vfauctions/catalogue-id-vf-auc10234/lot-11846145-7da3-4d74-8c60-af620161833e,51.8,38.24,-30.111999999999995,-58.131274131274125
36,"HID ICLASS SE RP10 Reader, HID Prox Osdp Black Mobile Ready – Pin Header, 900PMPTEKEA007",https://www.i-bidder.com/en-gb/auction-catalogues/vfauctions/catalogue-id-vf-auc10234/lot-c47d8b49-417c-438e-a693-af62016082e5,51.8,58.59,-9.761999999999993,-18.845559845559833
76,"Xerox Staples Type XF, 008R13041",https://www.i-bidder.com/en-gb/auction-catalogues/vfauctions/catalogue-id-vf-auc10234/lot-e573923a-7806-44bc-85b6-af620160afde,51.8,62.59,-5.761999999999994,-11.123552123552113
281,"Ralph Lauren Womens Reversible Faux Leather Bag, Black",https://www.i-bidder.com/en-gb/auction-catalogues/vfauctions/catalogue-id-vf-auc10234/lot-85b912b7-3683-4e68-9912-af6201619b37,59.2,55.05,-21.738000000000007,-36.719594594594604
149,"Rimowa Original Cabin Suitcase Cover, Black",https://www.i-bidder.com/en-gb/auction-catalogues/vfauctions/catalogue-id-vf-auc10234/lot-32fdb371-1672-4010-a867-af62016103e3,59.2,584.13,507.342,856.9966216216216
61,"Western Digital WD Gold Data Centre Hard Drive 4TB, WD4003FRYZ",https://www.i-bidder.com/en-gb/auction-catalogues/vfauctions/catalogue-id-vf-auc10234/lot-71e78e15-2481-4db6-b1bf-af6201609ee0,59.2,81.14,4.351999999999995,7.351351351351343
24,Corsair HX 750W PSU,https://www.i-bidder.com/en-gb/auction-catalogues/vfauctions/catalogue-id-vf-auc10234/lot-3fcc32e5-7b72-4acf-97fb-af620160755e,59.2,54.81,-21.978,-37.125
37,"HP USB-C Mini Dock, Black",https://www.i-bidder.com/en-gb/auction-catalogues/vfauctions/catalogue-id-vf-auc10234/lot-1577cbfe-2313-44f3-be3c-af62016083fa,59.2,73.53,-3.2580000000000044,-5.503378378378385
41,"iFixit Pro Tech Toolkit, Opening Tools, Opening Picks, Bit Driver Kit",https://www.i-bidder.com/en-gb/auction-catalogues/vfauctions/catalogue-id-vf-auc10234/lot-46dfee3d-8bea-4cec-b46c-af6201608864,59.2,64.58,-12.208000000000007,-20.62162162162163
66,"Benq Mobiuz 1ms IPS 144Hz Gaming Monitor, EX2510, Dark Grey",https://www.i-bidder.com/en-gb/auction-catalogues/vfauctions/catalogue-id-vf-auc10234/lot-8010071f-a9a6-4f4a-92d0-af620160a46c,59.2,210.91,134.12199999999999,226.5574324324324
80,"Canon 055 H High Yield Toner Cartridge, Cyan",https://www.i-bidder.com/en-gb/auction-catalogues/vfauctions/catalogue-id-vf-auc10234/lot-bbed39cc-a02b-410b-ace3-af620160b491,59.2,81.95,5.161999999999997,8.71959459459459
299,"Six Honor Band 5 Smart Wristbands, AMOLED Display",https://www.i-bidder.com/en-gb/auction-catalogues/vfauctions/catalogue-id-vf-auc10234/lot-ace309c8-cb4b-4810-898b-af620161b10f,59.2,24.16,-52.62800000000001,-88.89864864864866
130,Vandoren Optimum TL3 Tenor Saxophone Mouthpiece,https://www.i-bidder.com/en-gb/auction-catalogues/vfauctions/catalogue-id-vf-auc10234/lot-04802de4-c81e-4fbd-89b5-af620160eda3,59.2,57.0,-19.788000000000004,-33.425675675675684
103,"Ricoh Toner Cartridge, Yellow, No Box, C8003, Yellow",https://www.i-bidder.com/en-gb/auction-catalogues/vfauctions/catalogue-id-vf-auc10234/lot-91d0b38e-e331-4aec-b475-af620160ce83,66.6,56.22,-29.003999999999998,-43.549549549549546
181,Ideal Logic RF 7 Day Electronic Programmable Room Stat,https://www.i-bidder.com/en-gb/auction-catalogues/vfauctions/catalogue-id-vf-auc10234/lot-a4c44f89-87f1-4c14-9e47-af6201612921,66.6,85.29,0.06600000000001138,0.0990990990991162
58,"WACOM Intuos CTL-6100WLK-N 8"" Graphics Tablet",https://www.i-bidder.com/en-gb/auction-catalogues/vfauctions/catalogue-id-vf-auc10234/lot-6ede5814-2aae-4a56-bfcd-af6201609b65,66.6,63.77,-21.453999999999994,-32.2132132132132
49,"Toshiba HDD Hard Drive, N300 8TB NAS",https://www.i-bidder.com/en-gb/auction-catalogues/vfauctions/catalogue-id-vf-auc10234/lot-deb86943-613a-44f6-83e0-af620160918b,66.6,95.37,10.146000000000008,15.234234234234249
292,"Four Disney Cinderella Blue Star Pendants, Silver",https://www.i-bidder.com/en-gb/auction-catalogues/vfauctions/catalogue-id-vf-auc10234/lot-27acd60c-b7ff-481a-9507-af620161a8c8,74.0,18.59,-75.07,-101.44594594594594
18,Alcatel-Lucent OmniTouch 8128 WLAN Handset,https://www.i-bidder.com/en-gb/auction-catalogues/vfauctions/catalogue-id-vf-auc10234/lot-dcb35341-cf0a-4747-a679-af6201606ec1,74.0,18.68,-74.98,-101.32432432432432
185,"Ten iDesign Plastic Soap Savers, Holder Tray, Clear, 12 pieces per pack",https://www.i-bidder.com/en-gb/auction-catalogues/vfauctions/catalogue-id-vf-auc10234/lot-80bf9d73-790f-4df9-a8e5-af6201612d99,74.0,10.43,-83.23,-112.47297297297298
228,"Thirteen Tourit Cooler Backpack 30 Cans Lightweight Insulated Backpack, Light Grey",https://www.i-bidder.com/en-gb/auction-catalogues/vfauctions/catalogue-id-vf-auc10234/lot-ca66accc-e904-4590-bc36-af6201615efc,74.0,40.61,-53.050000000000004,-71.6891891891892
119,"Seymour Duncan SSL-1 California 50s Set. Box damaged, not tested",https://www.i-bidder.com/en-gb/auction-catalogues/vfauctions/catalogue-id-vf-auc10234/lot-9a53b420-96bf-45c2-b2fe-af620160e163,74.0,65.85,-27.81000000000001,-37.581081081081095
108,"Logitech G920 Driving Force Racing Wheel For PC & XB1, EU PLUG, Box Slightly Damaged",https://www.i-bidder.com/en-gb/auction-catalogues/vfauctions/catalogue-id-vf-auc10234/lot-bad0973f-7eeb-40f8-9a68-af620160d548,81.4,141.28,39.18399999999999,48.13759213759212
253,One Hundred Packs of JDT40 Window Snowflake Decals,https://www.i-bidder.com/en-gb/auction-catalogues/vfauctions/catalogue-id-vf-auc10234/lot-b91f3842-68c5-4bfd-ab8b-af6201617b4b,88.8,3.52,-107.012,-120.509009009009
169,Honeywell Home Evohome Connected Modulation Pack ATP951M3118,https://www.i-bidder.com/en-gb/auction-catalogues/vfauctions/catalogue-id-vf-auc10234/lot-84658363-43fa-4216-82c4-af6201611b61,96.2,207.79,88.82199999999999,92.33056133056131
217,"Henny Penny Blower Motor, 200-240V, 50/60HZ, 3000RPM, 80821",https://www.i-bidder.com/en-gb/auction-catalogues/vfauctions/catalogue-id-vf-auc10234/lot-2dc3a1c3-4a8a-494f-b354-af6201615268,96.2,12.66,-106.308,-110.50727650727652
47,"Ten Perixx Periboard-517 Waterproof /Dustproof Keyboards, IP 65",https://www.i-bidder.com/en-gb/auction-catalogues/vfauctions/catalogue-id-vf-auc10234/lot-a419915d-781d-4a44-ba15-af6201608f50,96.2,110.12,-8.848,-9.1975051975052
226,"Taiga Bivy Bag 3.0, Olive Green",https://www.i-bidder.com/en-gb/auction-catalogues/vfauctions/catalogue-id-vf-auc10234/lot-e20f54a3-2554-473d-8fe4-af6201615cb7,96.2,115.19,-3.7780000000000076,-3.927234927234935
53,"Two Compulocks items to include 1x Rokku Surface Go Enclosure, Black 510GROK and 1x Compulocks Unive",https://www.i-bidder.com/en-gb/auction-catalogues/vfauctions/catalogue-id-vf-auc10234/lot-540ebc4f-83c0-422e-953c-af62016095f5,103.6,20.0,-107.404,-103.67181467181467
99,HP LaserJet CF303AH Magneta. Box damaged,https://www.i-bidder.com/en-gb/auction-catalogues/vfauctions/catalogue-id-vf-auc10234/lot-bc5a3ea7-3fd6-42fc-a63c-af620160ca14,111.0,79.73,-56.11,-50.549549549549546
25,"Corsair TBT100 Thunderbolt 3 Dock, Black",https://www.i-bidder.com/en-gb/auction-catalogues/vfauctions/catalogue-id-vf-auc10234/lot-3ebb8c6d-545e-48c5-acc9-af62016076af,111.0,93.16,-42.68000000000001,-38.45045045045046
28,"Five Juiced Systems BizHUB USB-C Multiport Gigabit HDMI Hub, Silver",https://www.i-bidder.com/en-gb/auction-catalogues/vfauctions/catalogue-id-vf-auc10234/lot-6be31548-a0d2-478d-bced-af62016079fa,111.0,16.03,-119.81,-107.93693693693693
263,"URBANARA Folingo Cashmere Blanket, Cream/Black, Raspberry Rose Edge, Size 140x200 cm",https://www.i-bidder.com/en-gb/auction-catalogues/vfauctions/catalogue-id-vf-auc10234/lot-9ecfad0b-9879-4d36-a5a4-af62016186b0,111.0,127.26,-8.579999999999997,-7.729729729729727
88,"Four Xerox WorkCentre 6605, Xerox Phaser 6600 Genuine Metered Toner Cartridge, Yellow, Black, Magent",https://www.i-bidder.com/en-gb/auction-catalogues/vfauctions/catalogue-id-vf-auc10234/lot-f8f6d132-cde9-4a8f-8054-af620160bde6,118.4,38.14,-106.13600000000001,-89.6418918918919
114,Gator GRC-Studio4GO-W ATA Style Case with Wheels for 4U Rack Mount Recording Device/Laptop,https://www.i-bidder.com/en-gb/auction-catalogues/vfauctions/catalogue-id-vf-auc10234/lot-f0c4df54-95f1-41c4-92cd-af620160dbd2,118.4,128.02,-16.256,-13.729729729729728
5,"FLYCAM Basic Flowline Body Mount Support Vest with 180° Rotation for Camera, Camcorder & 3-Axis Gimb",https://www.i-bidder.com/en-gb/auction-catalogues/vfauctions/catalogue-id-vf-auc10234/lot-97a43d25-6c4e-4733-b457-af620160601a,133.2,219.5,58.352000000000004,43.80780780780781
35,"G-Technology G-Drive 4TB External Hard Drive, Thunderbolt 3, USB 3.1",https://www.i-bidder.com/en-gb/auction-catalogues/vfauctions/catalogue-id-vf-auc10234/lot-9f609b53-c1ae-43fb-a4cc-af62016081b9,133.2,64.69,-96.458,-72.41591591591592
101,"Katurn Performance Konica Minolta TN514 Toner Value Pack, Black, Yellow, Cyan, Magenta",https://www.i-bidder.com/en-gb/auction-catalogues/vfauctions/catalogue-id-vf-auc10234/lot-1dd92417-e5e9-4126-bcd5-af620160cc2a,133.2,239.54,78.392,58.852852852852855
251,Nine Rolls Of Ralph Lauren Signature Papers II Egarton Plaid Wallpaper PRL017/15,https://www.i-bidder.com/en-gb/auction-catalogues/vfauctions/catalogue-id-vf-auc10234/lot-754879f7-09bb-455b-b1f0-af6201617922,148.0,48.98,-129.04000000000002,-87.1891891891892
69,"DoorBird D101S IP Video Door Intercom Wi-Fi, LAN, Outdoor panel, Silver",https://www.i-bidder.com/en-gb/auction-catalogues/vfauctions/catalogue-id-vf-auc10234/lot-11e5b790-65bb-4759-8576-af620160a7c6,162.8,109.86,-85.03200000000001,-52.23095823095824
109,Logitech G923 Steering Wheel for PS4,https://www.i-bidder.com/en-gb/auction-catalogues/vfauctions/catalogue-id-vf-auc10234/lot-4c4d7a2f-80d8-420b-8108-af620160d64f,162.8,180.12,-14.772000000000013,-9.073710073710082
64,"Forty-six JETech Protective Cases, For Galaxy Tab S5E, Black",https://www.i-bidder.com/en-gb/auction-catalogues/vfauctions/catalogue-id-vf-auc10234/lot-51423213-add8-4dac-9f01-af620160a23e,177.6,15.61,-196.154,-110.44707207207207
147,Twenty Four Celtic FC Bricks Trucks,https://www.i-bidder.com/en-gb/auction-catalogues/vfauctions/catalogue-id-vf-auc10234/lot-6d1db8da-fcc1-4cb3-89cc-af62016101b0,177.6,8.25,-203.514,-114.59121621621622
275,"Twenty Liewood Dante Beach Sets, Sea Creature, Sea Blue Multi Mix",https://www.i-bidder.com/en-gb/auction-catalogues/vfauctions/catalogue-id-vf-auc10234/lot-dc167bb7-43a5-4825-be73-af6201619470,177.6,21.0,-190.764,-107.41216216216216
70,"DoorBird D1101V Aufputz IP video door intercom Wi-Fi, LAN Outdoor panel V2A stainless steel",https://www.i-bidder.com/en-gb/auction-catalogues/vfauctions/catalogue-id-vf-auc10234/lot-42caed97-699d-4eb1-b9b3-af620160a8df,192.4,184.26,-44.37600000000002,-23.064449064449075
22,"BenQ X-Sign Card 5-yr Basic, 5J.F1T14.016 4718755078880",https://www.i-bidder.com/en-gb/auction-catalogues/vfauctions/catalogue-id-vf-auc10234/lot-c8a7cbf0-ae6a-4cae-937a-af6201607339,192.4,32.81,-195.82600000000002,-101.78066528066529
62,Xiaomi Mi Smart Compact Projector,https://www.i-bidder.com/en-gb/auction-catalogues/vfauctions/catalogue-id-vf-auc10234/lot-68ead47c-5ef2-44ad-bb80-af6201609ff4,207.2,52.98,-192.528,-92.91891891891892
45,"PCAN-Explorer 6 Professional, Windows Software",https://www.i-bidder.com/en-gb/auction-catalogues/vfauctions/catalogue-id-vf-auc10234/lot-3531f28e-b8a6-47eb-a4c0-af6201608cda,207.2,97.36,-148.148,-71.5
120,"Shure SM7B Dynamic Studio Microphone, Black",https://www.i-bidder.com/en-gb/auction-catalogues/vfauctions/catalogue-id-vf-auc10234/lot-d9e7bb59-7f94-46cb-87cb-af620160e27c,236.8,248.77,-30.482000000000006,-12.87246621621622
115,JBL EON ONE Pro All-In-One Portable PA System,https://www.i-bidder.com/en-gb/auction-catalogues/vfauctions/catalogue-id-vf-auc10234/lot-cb2d0c5a-56d7-4009-9d24-af620160dd02,296.0,268.07,-78.67000000000002,-26.57770270270271
4,DJI RS 2 Professional 3 Axis Camera Stabilizer,https://www.i-bidder.com/en-gb/auction-catalogues/vfauctions/catalogue-id-vf-auc10234/lot-3779eebf-746b-4cfa-b715-af6201605f00,325.6,286.22,-94.26400000000001,-28.950859950859954
63,"Apple MacBook Pro 13 Inch, 8 Core CPU/8 Core GPU/16GB/1TB, Model A2338, Silver/Grey, Brand New. May",https://www.i-bidder.com/en-gb/auction-catalogues/vfauctions/catalogue-id-vf-auc10234/lot-2abbe9ba-a2a2-4ba6-8e69-af620160a11c,651.2,1097.0,345.33199999999994,53.03009828009827
